{"cameraMode":{"drawMode":0,"name":"Shaded","section":"Shading Mode"},"sceneLighting":true,"audioPlay":false,"sceneViewState":{"showFog":true,"showMaterialUpdate":false,"showSkybox":true,"showFlares":true,"showImageEffects":true,"showParticleSystems":true,"showVisualEffectGraphs":true,"m_FxEnabled":true},"in2DMode":false,"pivot":{"x":-0.17260758578777314,"y":-1.5000667572021485,"z":-2.3058247566223146},"rotation":{"x":-0.36376282572746279,"y":0.004747755825519562,"z":-0.0018540058517828584,"w":-0.9314778447151184},"size":12.932629585266114,"orthographic":false}