{"cameraMode":{"drawMode":0,"name":"Shaded","section":"Shading Mode"},"sceneLighting":true,"audioPlay":false,"sceneViewState":{"showFog":true,"showMaterialUpdate":false,"showSkybox":true,"showFlares":true,"showImageEffects":true,"showParticleSystems":true,"showVisualEffectGraphs":true,"m_FxEnabled":true},"in2DMode":false,"pivot":{"x":-1.0719165802001954,"y":-5.866767883300781,"z":2.497676372528076},"rotation":{"x":-0.41071921586990359,"y":0.015585714019834996,"z":-0.007022261153906584,"w":-0.9115992188453674},"size":10.267215728759766,"orthographic":false}